{
  
  "11": {
    "id": 11,
    "nom": "Île-de-France",
    "population": 11442143,
    "index": 16,
    "bibliotheques": {
      "offreAbs": 285,
      "offreRel": 0.000158034647848899,
      "freqRel": 3.62,
      "depensesRel": 3.1
    },
    "musees": {
      "offreAbs": 143,
      "offreRel": 0.0000792945776926054,
      "freqAbs": 33419105,
      "freqRel": 18.5311455792996,
      "depensesAbs": 228521,
      "depensesRel": 6.94
    },
    "cinemas": {
      "offreAbs": "1004",
      "freqRel": 35.07,
      "depensesAbs": 228521,
      "depensesRel": 6.94,
      "offreRel":0.000087746
    },
    "musique": {
      "offreAbs": 18,
      "freqAbs": 19752,
      "depensesAbs": 8107000
    }
  },
  "21": {
    "id": 21,
    "nom": "Champagne-Ardenne",
    "population": 1339400,
    "index": 13,
    "bibliotheques": {
      "offreAbs": 53,
      "offreRel": 0.0000293888994245321,
      "freqRel": 3.89,
      "depensesRel": 3.28
    },
    "musees": {
      "offreAbs": 35,
      "offreRel": 0.0000194077637709174,
      "freqAbs": 370041,
      "freqRel": 0.205190523244401,
      "depensesAbs": 27875,
      "depensesRel": 4.14
    },
    "cinemas": {
      "offreAbs": "99",
      "freqRel": 8.09,
      "depensesAbs": 27875,
      "depensesRel": 4.14,
      "offreRel":0.000073914
    },
    "musique": {
      "offreAbs": 4,
      "freqAbs": 473,
      "depensesAbs": 2210000
    }
  },
  "22": {
    "id": 22,
    "nom": "Picardie",
    "population": 1889028,
    "index": 17,
    "bibliotheques": {
      "offreAbs": 80,
      "offreRel": 0.0000443606029049541,
      "freqRel": 3.5,
      "depensesRel": 2.58
    },
    "musees": {
      "offreAbs": 38,
      "offreRel": 0.0000210712863798532,
      "freqAbs": 490532,
      "freqRel": 0.272003690802162,
      "depensesAbs": 25540,
      "depensesRel": 2.42
    },
    "cinemas": {
      "offreAbs": "132",
      "freqRel": 6.03,
      "depensesAbs": 25540,
      "depensesRel": 2.42
    },
    "musique": {
      "offreAbs": 5,
      "freqAbs": 494,
      "depensesAbs": 1229000
    }
  },
  "23": {
    "id": 23,
    "nom": "Haute-Normandie",
    "population": 1806677,
    "index": 10,
    "bibliotheques": {
      "offreAbs": 64,
      "offreRel": 0.0000354884823239633,
      "freqRel": 4.23,
      "depensesRel": 3.53
    },
    "musees": {
      "offreAbs": 41,
      "offreRel": 0.000022734808988789,
      "freqAbs": 862269,
      "freqRel": 0.478134658828148,
      "depensesAbs": 42623,
      "depensesRel": 5.14
    },
    "cinemas": {
      "offreAbs": "161",
      "freqRel": 5.08,
      "depensesAbs": 42623,
      "depensesRel": 5.14
    },
    "musique": {
      "offreAbs": 5,
      "freqAbs": 655,
      "depensesAbs": 2143000
    }
  },
  "24": {
    "id": 24,
    "nom": "Centre",
    "population": 2507246,
    "index": 7,
    "bibliotheques": {
      "offreAbs": 118,
      "offreRel": 0.0000654318892848073,
      "freqRel": 4.38,
      "depensesRel": 2.75
    },
    "musees": {
      "offreAbs": 65,
      "offreRel": 0.0000360429898602752,
      "freqAbs": 1072319,
      "freqRel": 0.594608966830468,
      "depensesAbs": 42640,
      "depensesRel": 4.45
    },
    "cinemas": {
      "offreAbs": "191",
      "freqRel": 14.05,
      "depensesAbs": 42640,
      "depensesRel": 4.45
    },
    "musique": {
      "offreAbs": 6,
      "freqAbs": 1003,
      "depensesAbs": 2540000
    }
  },
  "25": {
    "id": 25,
    "nom": "Basse-Normandie",
    "population": 1452425,
    "index": 6,
    "bibliotheques": {
      "offreAbs": 75,
      "offreRel": 0.0000415880652233945,
      "freqRel": 4.57,
      "depensesRel": 3.11
    },
    "musees": {
      "offreAbs": 50,
      "offreRel": 0.0000277253768155963,
      "freqAbs": 1375659,
      "freqRel": 0.762813282895328,
      "depensesAbs": 29899,
      "depensesRel": 4.42
    },
    "cinemas": {
      "offreAbs": "140",
      "freqRel": 6.69,
      "depensesAbs": 29899,
      "depensesRel": 4.42
    },
    "musique": {
      "offreAbs": 4,
      "freqAbs": 674,
      "depensesAbs": 2003000
    }
  },
  "26": {
    "id": 26,
    "nom": "Bourgogne",
    "population": 1626190,
    "index": 5,
    "bibliotheques": {
      "offreAbs": 126,
      "offreRel": 0.0000698679495753027,
      "freqRel": 4.75,
      "depensesRel": 3.38
    },
    "musees": {
      "offreAbs": 69,
      "offreRel": 0.0000382610200055229,
      "freqAbs": 981732,
      "freqRel": 0.54437779263858,
      "depensesAbs": 31905,
      "depensesRel": 4.85
    },
    "cinemas": {
      "offreAbs": "146",
      "freqRel": 7.79,
      "depensesAbs": 31905,
      "depensesRel": 4.85
    },
    "musique": {
      "offreAbs": 7,
      "freqAbs": 870,
      "depensesAbs": 2252000
    }
  },
  "31": {
    "id": 31,
    "nom": "Nord-Pas-de-Calais",
    "population": 4015613,
    "index": 15,
    "bibliotheques": {
      "offreAbs": 126,
      "offreRel": 0.0000698679495753027,
      "freqRel": 3.77,
      "depensesRel": 2.83
    },
    "musees": {
      "offreAbs": 47,
      "offreRel": 0.0000260618542066605,
      "freqAbs": 1336070,
      "freqRel": 0.740860884040275,
      "depensesAbs": 78506,
      "depensesRel": 4.15
    },
    "cinemas": {
      "offreAbs": "263",
      "freqRel": 4.94,
      "depensesAbs": 78506,
      "depensesRel": 4.15
    },
    "musique": {
      "offreAbs": 4,
      "freqAbs": 1703,
      "depensesAbs": 2240000
    }
  },
  "41": {
    "id": 41,
    "nom": "Lorraine",
    "population": 2332468,
    "index": 14,
    "bibliotheques": {
      "offreAbs": 103,
      "offreRel": 0.0000571142762401284,
      "freqRel": 3.87,
      "depensesRel": 3.52
    },
    "musees": {
      "offreAbs": 40,
      "offreRel": 0.000022180301452477,
      "freqAbs": 618637,
      "freqRel": 0.343038878741401,
      "depensesAbs": 46449,
      "depensesRel": 4.72
    },
    "cinemas": {
      "offreAbs": "184",
      "freqRel": 9.78,
      "depensesAbs": 46449,
      "depensesRel": 4.72
    },
    "musique": {
      "offreAbs": 2,
      "freqAbs": 699,
      "depensesAbs": 1319000
    }
  },
  "42": {
    "id": 42,
    "nom": "Alsace",
    "population": 1803402,
    "index": 18,
    "bibliotheques": {
      "offreAbs": 75,
      "offreRel": 0.0000415880652233945,
      "freqRel": 3.49,
      "depensesRel": 2.86
    },
    "musees": {
      "offreAbs": 48,
      "offreRel": 0.0000266163617429724,
      "freqAbs": 1354811,
      "freqRel": 0.751252909778297,
      "depensesAbs": 64935,
      "depensesRel": 8.2
    },
    "cinemas": {
      "offreAbs": "133",
      "freqRel": 6.17,
      "depensesAbs": 64935,
      "depensesRel": 8.2
    },
    "musique": {
      "offreAbs": 5,
      "freqAbs": 764,
      "depensesAbs": 1032000
    }
  },
  "43": {
    "id": 43,
    "nom": "Franche-Comté",
    "population": 1145744,
    "index": 3,
    "bibliotheques": {
      "offreAbs": 75,
      "offreRel": 0.0000415880652233945,
      "freqRel": 5.01,
      "depensesRel": 2.68
    },
    "musees": {
      "offreAbs": 33,
      "offreRel": 0.0000182987486982936,
      "freqAbs": 644297,
      "freqRel": 0.357267542123165,
      "depensesAbs": 26298,
      "depensesRel": 5.66
    },
    "cinemas": {
      "offreAbs": "114",
      "freqRel": 10.06,
      "depensesAbs": 26298,
      "depensesRel": 5.66
    },
    "musique": {
      "offreAbs": 7,
      "freqAbs": 459,
      "depensesAbs": 1204000
    }
  },
  "52": {
    "id": 52,
    "nom": "Pays de la Loire",
    "population": 3415391,
    "index": 1,
    "bibliotheques": {
      "offreAbs": 149,
      "offreRel": 0.000082621622910477,
      "freqRel": 5.33,
      "depensesRel": 3.21
    },
    "cinemas": {
      "offreAbs": "289",
      "freqRel": 11.59,
      "depensesAbs": 54513,
      "depensesRel": 4.37
    },
    "musique": {
      "offreAbs": 9,
      "freqAbs": 2263,
      "depensesAbs": 710000
    },
    "musees": {
      "offreAbs": 38,
      "offreRel": 0.0000210712863798532,
      "freqAbs": 866732,
      "freqRel": 0.480609425962708,